{"cameraMode":{"drawMode":0,"name":"Shaded","section":"Shading Mode"},"sceneLighting":false,"audioPlay":false,"sceneViewState":{"m_AlwaysRefresh":false,"showFog":true,"showSkybox":false,"showFlares":true,"showImageEffects":true,"showParticleSystems":true,"showVisualEffectGraphs":true,"m_FxEnabled":true},"in2DMode":false,"pivot":{"x":0.0013194084167480469,"y":0.6748888492584229,"z":-0.006608784198760986},"rotation":{"x":0.05213594809174538,"y":-0.9460825324058533,"z":0.20946349203586579,"w":0.24267442524433137},"size":1.7868990898132325,"orthographic":false}