{"cameraMode":{"drawMode":0,"name":"Shaded","section":"Shading Mode"},"sceneLighting":false,"audioPlay":false,"sceneViewState":{"m_AlwaysRefresh":false,"showFog":true,"showSkybox":false,"showFlares":true,"showImageEffects":true,"showParticleSystems":true,"showVisualEffectGraphs":true,"m_FxEnabled":true},"in2DMode":false,"pivot":{"x":8.982868194580079,"y":0.3430171012878418,"z":3.791950225830078},"rotation":{"x":0.0005626044585369527,"y":0.9692072868347168,"z":-0.24644550681114198,"w":0.001711994525976479},"size":0.6842066645622253,"orthographic":false}