{"cameraMode":{"drawMode":0,"name":"Shaded","section":"Shading Mode"},"sceneLighting":false,"audioPlay":false,"sceneViewState":{"m_AlwaysRefresh":false,"showFog":true,"showSkybox":false,"showFlares":true,"showImageEffects":true,"showParticleSystems":true,"showVisualEffectGraphs":true,"m_FxEnabled":true},"in2DMode":false,"pivot":{"x":-59.733680725097659,"y":2.114269733428955,"z":4.499555587768555},"rotation":{"x":-0.006825259421020746,"y":-0.9943380355834961,"z":0.08665264397859574,"w":-0.06536158919334412},"size":0.4330126941204071,"orthographic":false}