{"cameraMode":{"drawMode":0,"name":"Shaded","section":"Shading Mode"},"sceneLighting":false,"audioPlay":false,"sceneViewState":{"m_AlwaysRefresh":false,"showFog":true,"showSkybox":false,"showFlares":true,"showImageEffects":true,"showParticleSystems":true,"showVisualEffectGraphs":true,"m_FxEnabled":true},"in2DMode":false,"pivot":{"x":-0.015708327293395997,"y":1.6552376747131348,"z":-0.07347190380096436},"rotation":{"x":0.00018835697846952826,"y":0.9742757678031921,"z":-0.22606422007083894,"w":0.0002851557219401002},"size":4.688781261444092,"orthographic":true}