{"cameraMode":{"drawMode":0,"name":"Shaded","section":"Shading Mode"},"sceneLighting":false,"audioPlay":false,"sceneViewState":{"m_AlwaysRefresh":false,"showFog":false,"showSkybox":false,"showFlares":false,"showImageEffects":false,"showParticleSystems":false,"showVisualEffectGraphs":true,"m_FxEnabled":true},"in2DMode":false,"pivot":{"x":0.01632419228553772,"y":0.5337178111076355,"z":0.07151111960411072},"rotation":{"x":0.05029665306210518,"y":-0.9483048319816589,"z":0.19325298070907594,"w":0.24750830233097077},"size":0.6639284491539002,"orthographic":false}