{"cameraMode":{"drawMode":0,"name":"Shaded","section":"Shading Mode"},"sceneLighting":false,"audioPlay":false,"sceneViewState":{"m_AlwaysRefresh":false,"showFog":true,"showSkybox":false,"showFlares":true,"showImageEffects":true,"showParticleSystems":true,"showVisualEffectGraphs":true,"m_FxEnabled":true},"in2DMode":false,"pivot":{"x":-0.025742709636688234,"y":0.040050894021987918,"z":0.04381304979324341},"rotation":{"x":-0.054966673254966739,"y":-0.8369113802909851,"z":0.5382014513015747,"w":-0.08540727943181992},"size":0.6028986573219299,"orthographic":true}