{"cameraMode":{"drawMode":0,"name":"Shaded","section":"Shading Mode"},"sceneLighting":false,"audioPlay":false,"sceneViewState":{"m_AlwaysRefresh":false,"showFog":true,"showSkybox":false,"showFlares":true,"showImageEffects":true,"showParticleSystems":true,"showVisualEffectGraphs":true,"m_FxEnabled":true},"in2DMode":false,"pivot":{"x":-0.015708327293395997,"y":1.6552376747131348,"z":-0.04018941521644592},"rotation":{"x":-0.20086631178855897,"y":-0.7710060477256775,"z":0.5291498899459839,"w":-0.29257693886756899},"size":2.14009165763855,"orthographic":true}