{"cameraMode":{"drawMode":0,"name":"Shaded","section":"Shading Mode"},"sceneLighting":false,"audioPlay":false,"sceneViewState":{"m_AlwaysRefresh":false,"showFog":true,"showSkybox":false,"showFlares":true,"showImageEffects":true,"showParticleSystems":true,"showVisualEffectGraphs":true,"m_FxEnabled":true},"in2DMode":false,"pivot":{"x":0.000004231929779052734,"y":0.6183441877365112,"z":-0.19429242610931397},"rotation":{"x":-0.015893304720520974,"y":0.9768106937408447,"z":-0.07812482863664627,"w":-0.19872069358825684},"size":0.8485680222511292,"orthographic":false}