{"cameraMode":{"drawMode":0,"name":"Shaded","section":"Shading Mode"},"sceneLighting":false,"audioPlay":false,"sceneViewState":{"m_AlwaysRefresh":false,"showFog":false,"showSkybox":false,"showFlares":false,"showImageEffects":false,"showParticleSystems":false,"showVisualEffectGraphs":true,"m_FxEnabled":true},"in2DMode":false,"pivot":{"x":-8.940696716308594e-8,"y":0.3357863128185272,"z":0.0006906390190124512},"rotation":{"x":0.05029665306210518,"y":-0.9483048319816589,"z":0.19325298070907594,"w":0.24750830233097077},"size":0.4848060607910156,"orthographic":false}